"","EST","moduleColor","GS.Control","p.GS.Control","MM.darkseagreen4","p.MM.darkseagreen4","MM.purple","p.MM.purple","MM.cyan","p.MM.cyan","MM.maroon","p.MM.maroon","MM.orangered4","p.MM.orangered4","MM.lightyellow","p.MM.lightyellow","MM.midnightblue","p.MM.midnightblue","MM.brown4","p.MM.brown4","MM.bisque4","p.MM.bisque4","MM.yellow4","p.MM.yellow4","MM.white","p.MM.white","MM.lightpink4","p.MM.lightpink4","MM.plum1","p.MM.plum1","MM.navajowhite2","p.MM.navajowhite2","MM.royalblue","p.MM.royalblue","MM.thistle1","p.MM.thistle1","MM.greenyellow","p.MM.greenyellow","MM.darkmagenta","p.MM.darkmagenta","MM.grey","p.MM.grey","MM.honeydew1","p.MM.honeydew1","MM.coral1","p.MM.coral1","MM.darkgreen","p.MM.darkgreen"
"LMNB2","LMNB2","darkseagreen4",-0.848486795984535,2.2746987840509e-06,0.827970701468693,6.59038814884919e-06,0.414503822395411,0.0692012474520043,-0.400569536195067,0.0800835876713386,0.30205764614116,0.195544883666038,-0.470430049733115,0.0363257346846699,-0.513795352342039,0.0204867217302916,-0.205159696388888,0.385553921575163,0.56827456186939,0.00894433624802691,-0.280345508231198,0.231225202882256,0.266900847499332,0.255309188524189,0.240670584133241,0.306717985888384,-0.118462032964992,0.618890213030252,-0.436902376722419,0.0540843008690534,0.207315251491013,0.380471234156281,-0.259560858435545,0.269105306561578,0.0633221717905,0.790842266908053,-0.319807295590363,0.169270988270653,-0.0416628836680424,0.861551172295037,0.269798468075782,0.249988964867433,-0.222285201460147,0.346223947690063,0.180356872050704,0.446706100463322,-0.125321405510897,0.598575385415678
"EHMT2","EHMT2","darkseagreen4",-0.785241028124456,4.10618020776688e-05,0.870563443703678,5.99838221178315e-07,0.297101159912284,0.203343512303009,-0.279127071119514,0.233344768660701,0.272457753803042,0.245169076526157,-0.577758670398696,0.00763236332929602,-0.481545170420366,0.031572390677082,-0.0435700146953781,0.855276207230688,0.61298750385943,0.00405561286117548,-0.207580893113189,0.379847480410957,0.231259324826572,0.326585614254694,0.00341267407496377,0.988607242240873,-0.293418871023784,0.209269405476735,-0.517307955967791,0.0194964776874523,0.120116305655957,0.613965747462295,-0.412850729319713,0.0704307874938603,-0.252355269727948,0.283094643533697,-0.336096423832801,0.147384996391352,0.00710854241600688,0.976271538647365,0.0905133945920973,0.704313130789465,-0.453309975925723,0.04471496802414,0.278524466993458,0.234397681184862,-0.113850017571379,0.63270160172065
"STUB1","STUB1","darkseagreen4",-0.761243593268697,9.68459026047672e-05,0.881949647380437,2.73459755657456e-07,-0.0374641586771411,0.875393763524082,0.0683091198368849,0.774762008062242,0.46963565839718,0.0366856419718006,-0.765331683676796,8.42672030093212e-05,-0.525524409437162,0.0173288048764417,-0.0375582172418938,0.875083269167287,0.416802336406662,0.0675184996486985,-0.410494529742337,0.072211474488394,0.315749951657281,0.17505107891911,0.233313882636959,0.322184603674614,-0.496050196135821,0.0261177563859491,-0.340463954446243,0.141869837497632,-0.24543433352347,0.296947019598288,-0.334034409383406,0.150040164663237,-0.310741920084984,0.182369160343858,0.0520108659320782,0.827608732411559,-0.026301461777874,0.912355089713183,-0.212060771736506,0.3694150691446,-0.252885051368015,0.282051051767342,0.0617841315730879,0.795818412938032,-0.208853489486666,0.376867271759492
"SMARCD3","SMARCD3","darkseagreen4",-0.751123882304848,0.000135128431572589,0.833394489176701,5.04443696008727e-06,0.15427106852805,0.516077825266899,-0.100381882749108,0.673695184896791,0.463402461200438,0.0396067860461086,-0.643688999817043,0.00219566807606501,-0.339027425315583,0.143667596372275,-0.17483216588154,0.460978793701806,0.64207345001745,0.00227139147502922,-0.478074569500932,0.0330009914208768,0.2695755549523,0.250395716016341,0.219783807663841,0.351817636874278,-0.372713668461716,0.105568197764073,-0.464470279217908,0.0390939785992332,-0.203005327333346,0.390671464085353,-0.380573015269715,0.09785160271084,-0.24569715708425,0.296413541896495,-0.0853550489548318,0.720496966093825,-0.0804521188951236,0.735986387847241,-0.11718903345629,0.622690386875286,-0.272814017235688,0.244527915554772,-0.096510854647818,0.685649741609203,-0.266425497561368,0.256188774099328
"RPS6KA4","RPS6KA4","darkseagreen4",-0.74291907422735,0.000175068251313034,0.759224182607202,0.000103633068235646,0.404849578454231,0.0766143584777788,-0.390168481932573,0.0889985575112129,0.438026995231472,0.0533979761907659,-0.336338464968752,0.147075496492507,-0.418272476909767,0.0664584446365104,-0.272173733168696,0.245680994614147,0.467984309161116,0.037442672866793,-0.299909935965542,0.198899144636004,0.050407592594112,0.83284993953713,0.173529653658564,0.464377303504626,0.0210819585296658,0.929701842381395,-0.321861941307348,0.166394403459668,0.149569976093826,0.529097930725962,-0.211746440869062,0.370141700111974,0.0850236363474289,0.721540749571174,-0.153072153446342,0.519383838577262,-0.107636935185585,0.651493556145695,0.1849375035446,0.435049074566985,-0.0627516074992705,0.79268736160731,0.0912708624339877,0.701946724021893,-0.094444607426032,0.692060527467028
"BORCS6","BORCS6","darkseagreen4",-0.734216650921367,0.000228077845400006,0.845945378441597,2.61637555624623e-06,0.237585714960739,0.313147908828028,-0.222678419255931,0.345349357907303,0.2343680679664,0.319940260187913,-0.570063127475776,0.00868379621725948,-0.545239943565285,0.0129071591268011,0.0221192954032538,0.926251632013517,0.414802113851251,0.0689811094118121,-0.10986480514566,0.644731155384092,0.32993666565509,0.155415175425015,0.295924436202204,0.205224934521918,-0.32926806237973,0.156304684047522,-0.489078707527195,0.0286380413887087,0.00127360002915883,0.995748142317457,-0.209154056977236,0.376165321921808,-0.145916053912997,0.539322050677396,-0.279071058175697,0.233442509057727,0.173118464736084,0.465452815132191,0.140320175332299,0.555152958659186,-0.379369333145153,0.0990058933667875,0.258373868243597,0.271379404325635,0.105418822807137,0.658252468326751
"TRPM2","TRPM2","darkseagreen4",-0.733721584067421,0.000231466295204689,0.801352950099093,2.16848766357387e-05,0.215693356398408,0.361076657138477,-0.188070263573536,0.427170087414067,0.417230835053286,0.067208225079757,-0.608981500492506,0.00437387090217554,-0.437362422632403,0.0538027394564484,-0.142159467004289,0.549926735550203,0.571829941443753,0.00843253315426962,-0.414694225319063,0.0690606700395348,0.18214974467299,0.44212428876964,0.0661060975020042,0.78185511289615,-0.224838089956272,0.340568831355533,-0.499969560084008,0.024779734206672,-0.0855994574229293,0.719727506739528,-0.336442582804966,0.146942499933116,-0.107591562791049,0.651631552790494,-0.134065343116301,0.573089458287863,-0.00794657320846748,0.973475066912277,0.0458093436182674,0.847918911646606,-0.250322221823177,0.287121601295542,-0.00346179316437645,0.9884432751106,-0.242022848288369,0.303924795544082
"TTC9B","TTC9B","darkseagreen4",-0.68518631257005,0.000856615867785075,0.866483734744755,7.80876816035535e-07,-0.0602703516362736,0.800723490376606,0.138347568579936,0.560782499650711,0.450983903840392,0.045961125904973,-0.717054849508138,0.000373604095769146,-0.269825023316482,0.249940537457616,-0.130110262731549,0.584559014474316,0.646644940660116,0.00206257533476224,-0.565491872891921,0.009362324361613,0.306867397992192,0.188171097767096,0.205112404093122,0.385665857363556,-0.587239821996272,0.00648246724029306,-0.333416751235383,0.150841940143647,-0.242340188586365,0.303271552480866,-0.599411095047848,0.00521850980189583,-0.452429067646809,0.0451838020660354,0.00780287657845166,0.973954555923785,-0.269846841996156,0.249900752348325,-0.295217327864937,0.206361047117385,-0.310926661228493,0.18209558131576,-0.00376560345334894,0.98742911945373,-0.474841079032891,0.0343769743977547
"CDC34","CDC34","darkseagreen4",-0.684001068903716,0.000881751408898823,0.738805408546952,0.000198635640242871,0.050837444902936,0.831444048051656,-0.0353127615399222,0.882500386807519,0.305074707415268,0.190897201742374,-0.704558021147285,0.000523806585943452,-0.463427920027023,0.039594499399099,-0.0257547735677696,0.914170323702947,0.417320194012114,0.0671436557835606,-0.343357536740634,0.138296671775642,0.417881085298254,0.0667394292985927,0.105330848020926,0.658521071552341,-0.376846696159908,0.101457162033096,-0.424607002559353,0.062033512195117,-0.168403249372602,0.477875890867148,-0.221459151824195,0.348065429298242,-0.228668047673105,0.33218691538745,-0.108292409310177,0.649501201148532,0.085022476580626,0.721544403088321,-0.0918299286748063,0.700201835131654,-0.288125400267061,0.217986537518897,0.015457179206621,0.948429525470293,-0.201031460274676,0.39539314805515
"HDGFL2","HDGFL2","darkseagreen4",-0.679230164896093,0.000989326900011812,0.84941670358275,2.15979110898581e-06,0.126133665343834,0.596188216884676,-0.0989209397905157,0.678198227475068,0.258343232222998,0.271438257118774,-0.464195415095308,0.0392254841963813,-0.438120421337409,0.0533412609495263,-0.0483613745309199,0.839549010452273,0.48564346816299,0.0299482591215756,-0.238906602343905,0.310384873844211,0.106841173630548,0.65391538232929,0.100821556911268,0.672342064772917,-0.244732688248943,0.298374086294839,-0.367293682760206,0.111140513170772,0.107924726076574,0.650618516509246,-0.435138765431647,0.0551740947069881,-0.220335446602465,0.35057957574453,-0.211644867060716,0.370376679106554,-0.142479587061349,0.549019405305198,0.0842182462910412,0.724079297079875,-0.324345213721741,0.162962763932579,0.318976243833348,0.170444111078694,-0.199160125302924,0.399898511034138
"NUDT3","NUDT3","darkseagreen4",-0.672554773517952,0.00115827849804747,0.906820101739102,3.57155941771194e-08,0.103232911817295,0.664938324705241,-0.0630035467920881,0.791872507191722,0.314870267479782,0.17632180236463,-0.616009430274374,0.00382843122287069,-0.415628568680308,0.0683739327000175,0.0150953577432722,0.949635202370086,0.580119910799178,0.0073314900287815,-0.266723808384162,0.255636556542514,0.250003793504804,0.287755510805285,0.015606779750458,0.947931051550981,-0.383710080299629,0.094889447399841,-0.473312628718714,0.0350427698508884,-0.0929682710657613,0.696653455103715,-0.470926716585597,0.0361021141391548,-0.387313389597156,0.0915686233052497,-0.199962972258197,0.397962160165277,-0.0211398526914123,0.929509252465129,-0.0617705125594777,0.79586250984847,-0.466971885819181,0.0379127656862781,0.235151964709866,0.318277429403373,-0.191618528202287,0.418338665831679
"EVI5L","EVI5L","darkseagreen4",-0.66690985101393,0.00131952220323213,0.819296584052873,9.92103523581484e-06,0.146671874114045,0.537199779985816,-0.126004821704114,0.596566613709075,0.346717994536368,0.134227039272442,-0.521932999916155,0.018251229745153,-0.580500753918241,0.00728388429166572,-0.0366179660080797,0.878187891946715,0.565073282201125,0.00942655406226194,-0.284791382241688,0.223597491947527,-0.00215066771518685,0.992820147924613,0.241585123158374,0.304827250184468,-0.0810518124723056,0.734086417636726,-0.500990767083787,0.0244401661860749,0.158048647419374,0.505726811894547,-0.446650823578226,0.0483535317948217,-0.126088518267686,0.596320796536053,-0.219300356154233,0.352904739870732,-0.113886089360874,0.632593116053962,0.17232271622778,0.467537773504321,-0.221206682046315,0.348629383654334,0.331246203035455,0.153683152060602,-0.26619304539128,0.256619601865517
"ARMC5","ARMC5","darkseagreen4",-0.658008566816337,0.00161195417275089,0.758076326431613,0.000107670096321304,0.186947828993345,0.429984268747935,-0.176919014643626,0.455560394284253,0.373125199291338,0.105153532993533,-0.352456744521109,0.127474067662447,-0.309337996459649,0.184457298297708,-0.219505482615075,0.352443249709925,0.251197169571127,0.285384241693692,-0.291795381854975,0.211917997110509,0.100336343003225,0.67383539108338,0.0523859384360474,0.826383599175137,-0.184219303742976,0.436866099561803,-0.260440540114851,0.267427701018906,0.02406718076856,0.919776382895582,-0.187171167314554,0.429423529743321,-0.109408147137306,0.64611511442884,-0.0286053125773442,0.904710031495957,-0.106529059950394,0.654866182893605,0.0172681128915568,0.942396727201026,-0.160137208648713,0.500047130001972,0.0820041919703827,0.731072115064764,-0.0814605413647858,0.732792319828066
"DDRGK1","DDRGK1","darkseagreen4",-0.653005385701817,0.00179893912428956,0.818063688046561,1.0496639875665e-05,0.168838469818924,0.476722334404207,-0.114947826166371,0.62940319326541,0.288947646019475,0.216617094453053,-0.793255161675174,3.00962431076909e-05,-0.446566696203086,0.0484009070813238,0.0680500208485445,0.775595353764621,0.646417341362258,0.00207257735075451,-0.283144710984192,0.22640323302958,0.46356733862423,0.0395272671537538,0.170831176967282,0.471458493177987,-0.604473489198702,0.00475641864541027,-0.458257524526678,0.042151024352827,-0.138495321125561,0.560359961335828,-0.504538111656355,0.0232891170892477,-0.36843795430191,0.109946801799302,-0.24032108842098,0.307442410412636,0.0989195223519709,0.678202601558258,-0.0700671987527443,0.769113764932775,-0.507970000922244,0.0222168264812973,0.220933432043885,0.349240353182348,-0.163544428895933,0.490848340304696
"MCRIP1","MCRIP1","darkseagreen4",-0.643546956012363,0.00220224016281907,0.8357714404979,4.47338407483121e-06,0.205176956766859,0.385513072631107,-0.181522892698481,0.443723451674721,0.412583927992848,0.0706307530706369,-0.465487972224177,0.0386100483958169,-0.391267669673431,0.0880233900782453,-0.152690458232481,0.520438456448651,0.419446160387788,0.0656211768030944,-0.282154445386742,0.228101532762267,0.0881366760219053,0.711755151834314,0.0471731977913812,0.843443868591758,-0.281554491774102,0.229134471838818,-0.300767075274438,0.197555902792553,0.0736936670491652,0.757498475188878,-0.439451789705938,0.0525380225593081,-0.314256108586187,0.177212682917696,-0.0810602976139201,0.734059545357381,-0.176173559050764,0.457492161992564,-0.0628550472144202,0.792352778509255,-0.315420522757214,0.175526212946112,0.283450879254895,0.225879828791924,-0.121946975441394,0.608534674079931
"DAPK3","DAPK3","darkseagreen4",-0.643166753173219,0.00221991232238301,0.762511765326705,9.27819092769105e-05,0.0177680036826048,0.940731949616363,-0.000272952791811205,0.999088755348883,0.482509098963642,0.0311843307220009,-0.532703046689679,0.015596883622676,-0.356911362881528,0.122401264229961,-0.146393253888247,0.537981672323187,0.264302103125095,0.260141349311934,-0.411057315197392,0.0717831244610604,0.17498093612662,0.460591433207105,0.162883656146695,0.492625767172692,-0.260415493032904,0.267475376234418,-0.273411950566904,0.243454244647444,-0.266756209457827,0.255576622888895,-0.174505237544236,0.461830617527143,-0.170079377081466,0.473440963647692,0.144283518605674,0.543919105082485,0.0176973759101163,0.940967145853105,-0.142838759300077,0.548002192076253,-0.134649476007013,0.571403808504803,-0.0801193100797497,0.737041442245418,-0.173198189792269,0.465244186338488
"UBQLN4","UBQLN4","darkseagreen4",-0.637782180432595,0.00248319169797855,0.864556647235541,8.81867225329859e-07,0.126567106710672,0.594915990890704,-0.0431514384650439,0.856652730580903,0.575070629935414,0.00798708945671207,-0.614455636055334,0.00394388726984055,-0.164082914499338,0.489402189048355,-0.203431569948382,0.389655977009556,0.611519367424372,0.00416994583303343,-0.510151646717643,0.0215558066313045,0.235629850711999,0.317266262828928,0.135946700277384,0.567668101196687,-0.585950331359416,0.0066299374715358,-0.238941589607893,0.310311887956506,-0.30690611751966,0.188112508938306,-0.598329955656315,0.00532183727345211,-0.498281552956912,0.0253491911134382,0.0857853946939976,0.719142303144313,-0.199304215978091,0.39955060455904,-0.350363682060843,0.129908454282687,-0.372439036275575,0.105845579695635,-0.0347449853124205,0.88437736368303,-0.268733222597625,0.251936535760842
"VSTM2B","VSTM2B","darkseagreen4",-0.626321163933348,0.00313102428138678,0.728293466498007,0.000271533167824587,0.131586014542406,0.580267999854044,-0.111577471643226,0.639550750793077,0.321583979783013,0.166781583214722,-0.551393734479495,0.0117313986852351,-0.444194892277001,0.0497512647087616,-0.0890036676754027,0.709037463820396,0.507444234991068,0.022378509618746,-0.347574491584661,0.133203466215533,0.156846278125,0.509010571544865,0.220883916271716,0.349351133722964,-0.182331330879887,0.441661607639608,-0.515270878602106,0.0200659902405018,-0.0588225777696067,0.805421419851619,-0.165019954785745,0.486890691377254,0.00880526585929211,0.970609956817789,-0.17094485923613,0.471159081528645,-0.017741566189318,0.940819988070814,0.115475712422451,0.627819535715631,-0.176343265678644,0.457052016543357,0.0200775842879347,0.933043569770932,-0.185533934927786,0.433543155362725
"ADAM19","ADAM19","darkseagreen4",-0.626248294315495,0.00313555318916996,0.763930146942227,8.84110532750997e-05,0.227376781525467,0.334999146840245,-0.199119599505108,0.399996390423709,0.299001284132932,0.200329757110345,-0.589290966990026,0.0062534440894373,-0.586588246572015,0.00655664336770195,-0.0257498053915728,0.914186822019733,0.635770304255556,0.00258801892892893,-0.283654232483925,0.225532626517224,0.182299407310614,0.441742930442686,0.497942577903575,0.0254647820791453,-0.155284863541034,0.51329008776186,-0.542063676412548,0.0135502172085128,0.00449971907668021,0.984978631850687,-0.334133389357686,0.149911956362792,0.0296725483324419,0.901171228969635,-0.283786005249093,0.22530782563953,0.0451744289876412,0.850003714958912,0.266164080926755,0.256673316898833,-0.202495311967759,0.391888460910087,0.196489622488631,0.406376494014548,-0.151743578609453,0.523059015613182
"NCAPH2","NCAPH2","darkseagreen4",-0.612969287602784,0.00405701540599878,0.813156862289868,1.30847402697079e-05,0.124124625272339,0.602099827253684,-0.084360710527412,0.72363005444107,0.28122646105457,0.229700525683435,-0.582019059603155,0.00709660257250085,-0.473216737556369,0.0350848727364367,0.0257298082146595,0.914253228975522,0.811821886930234,1.3878102216856e-05,-0.322895577902732,0.164960041910437,0.0861592154409044,0.71796622618776,0.175786014789307,0.458498098568786,-0.107072854508615,0.653209938112987,-0.675851681813118,0.001072029201031,-0.0237085426843707,0.920968230613524,-0.546015669403179,0.0127539126978103,-0.199471073562138,0.399147935412045,-0.337001133335289,0.146230460626754,-0.0360454822033492,0.880079022410463,0.155738821932028,0.51204411869171,-0.348004049523373,0.132692197976966,0.178293612553451,0.452009301227015,-0.375059145800625,0.103220658779685
"MYADML2","MYADML2","darkseagreen4",-0.606584495595583,0.00457397972391493,0.866528187485063,7.78671980477884e-07,0.00600002859404958,0.979971004626809,0.03443271570528,0.885409930248784,0.364810640272824,0.113762922964154,-0.697629561771626,0.000627233188118901,-0.500470091943441,0.024612836251979,0.0426433583919496,0.858324130101861,0.624719548408029,0.00323182893628755,-0.343618766277061,0.137977237797504,0.19873581370287,0.40092397620996,0.272593588715338,0.244924489879214,-0.330686527543469,0.154421743314417,-0.581271592209349,0.00718830294880883,-0.182408693384993,0.441464565187089,-0.375037986793342,0.103241665452746,-0.27230414854509,0.245445849303374,-0.164204779906856,0.489075199774658,-0.0023512327724937,0.992150594564085,-0.0143164547626497,0.952231050437481,-0.308284969434482,0.186034096487056,0.159685151588763,0.501273835387489,-0.249270028010588,0.289219531680408
"SURF6","SURF6","darkseagreen4",-0.589073669857555,0.00627738741559038,0.857665616772078,1.34257863434745e-06,0.0550839854339024,0.81758226535609,-0.0165336803835983,0.944843010305896,0.163143415345072,0.491926659461987,-0.555145511591754,0.0110581839147324,-0.4052653083751,0.0762834469871604,0.0245519125254107,0.918165755240957,0.585945317259342,0.00663051622321944,-0.246050229562791,0.295697800307708,0.207746630119871,0.379458604127881,0.0761039161344045,0.749806064020954,-0.384257364901183,0.094379475468598,-0.527398784674922,0.016862425942412,0.0607397645109744,0.7992016819034,-0.437710636392888,0.0535903664767127,-0.305571595545057,0.190138950511577,-0.308844824207345,0.185194643282643,-0.141503551467687,0.551787931370103,0.0699790277141877,0.769396771166692,-0.480459141195079,0.0320141242770425,0.349274574787252,0.131188120490419,-0.234229914340353,0.320233853779133
"MAP2K2","MAP2K2","darkseagreen4",-0.580107276744076,0.00733307364994337,0.745633329225913,0.000160865654683207,-0.0339672176555996,0.886949499489039,0.052867478741809,0.824811267027253,0.522165341057202,0.0181903925803822,-0.572283133624754,0.00836904876923605,-0.462377461671645,0.0401039180552957,-0.166899064647533,0.481873462586504,0.222151529149595,0.346521553158164,-0.471991833146748,0.0356261660732229,0.141378831613794,0.552142150361412,0.198572563574032,0.401318898908018,-0.220489227201244,0.350234891478552,-0.244912439741074,0.298008094206782,-0.214267219264679,0.364337328130602,-0.116856252848255,0.623685329116678,-0.0561431303647578,0.814132891696223,0.169218401294899,0.475716462473607,-0.1225962559522,0.606613154640691,-0.104649982825719,0.660601238228396,0.0248704308063427,0.917107575028835,-0.048472755834334,0.839184083751058,-0.224103297867404,0.342190958306929
"APOL2","APOL2","darkseagreen4",-0.574349153447131,0.00808455649002743,0.788062471271875,3.68624512167262e-05,0.133271270819918,0.57538438651873,-0.0622120382350475,0.794433201067745,0.293361782078318,0.209362168107226,-0.701122899354988,0.000573110829092956,-0.365616546900659,0.112906953461678,0.0649610858690956,0.785548321152371,0.650545693323889,0.00189732646301391,-0.297274483663688,0.203067363764019,0.502554013037978,0.0239275012532809,0.391617891773206,0.0877143425212851,-0.493262101246689,0.0271037903022655,-0.455037024571757,0.0438066839032299,-0.226057266137004,0.337887329133939,-0.411202643930072,0.0716728205923709,-0.264411578507838,0.259936629950814,-0.207584860591379,0.379838168721843,0.149377093001476,0.529635378363052,-0.0352375564465229,0.882748968322202,-0.457312469679353,0.0426317812140235,0.122705444618143,0.606290258802118,-0.190618857417792,0.420816790283027
"EIF2B5","EIF2B5","darkseagreen4",-0.5743010890627,0.00809108404442704,0.848034951783398,2.33243261801698e-06,-0.0191240090774715,0.936217279145038,0.0757392233567096,0.75096855674473,0.365294280154483,0.113248681337952,-0.845842839433808,2.63105282384881e-06,-0.66556975973536,0.00136045465821562,0.0909915665903658,0.702818966705757,0.561242356206979,0.0100312049402964,-0.385164974227859,0.0935381719568701,0.335806990212052,0.147755694122012,0.443702629214515,0.0500351074304159,-0.484219858178913,0.0305048187037935,-0.490491705546426,0.0281123809138106,-0.197870020476856,0.403020872657707,-0.406601921734749,0.0752267443917505,-0.182392608284441,0.44150553018105,-0.13199477933482,0.579081833224988,-0.000273835353604235,0.99908580894417,0.0457646589052665,0.848065606559205,-0.269520265215644,0.25049666889473,0.233841496428964,0.321060151941575,-0.232998285031723,0.32285832677894
"FAM43B","FAM43B","darkseagreen4",-0.565716095245996,0.00932806584333199,0.817329322072971,1.08530941748098e-05,0.147918554427557,0.533707626032492,-0.0874750308726731,0.713831412788307,0.309348232544548,0.184442015321621,-0.62616014291637,0.00314103914882459,-0.274640130775755,0.24125838549945,-0.0186312737791177,0.93785757724633,0.531367994649321,0.0159079856086151,-0.273568694569267,0.243173290859116,0.34331245993476,0.138351844734163,0.0715273130638501,0.76443128758989,-0.627462045297839,0.0030608234678591,-0.31904812422447,0.170342424610885,-0.0462888547826917,0.846345034119483,-0.592227149980696,0.00593719925610607,-0.522962163799209,0.0179829789317436,-0.146176805551677,0.538589451647526,-0.0819021247138345,0.731394979624037,-0.188856530150019,0.425204607322253,-0.571828498525537,0.00843273590775391,0.313448707175909,0.178388528120772,-0.160469394809101,0.499146635966688
"UBE2J2","UBE2J2","darkseagreen4",-0.559134808690006,0.0103770517683325,0.629524164925023,0.00293725707200661,0.14014954385798,0.555638917903886,-0.0924677913212179,0.698212781726747,0.438941544361662,0.0528447641409515,-0.617055269502002,0.0037523072584563,-0.395178977162945,0.0846171551709824,-0.221284008775471,0.3484565987516,0.16508914032714,0.486705509797381,-0.464667809790684,0.0389996836320382,0.466378867944413,0.0381902387232073,0.188574067195443,0.425910141621397,-0.480910211545976,0.0318300717344246,-0.0964551377924528,0.685822341288826,-0.151547814003098,0.523601579590581,-0.0917344394760439,0.700499762187534,0.0143211497592049,0.952215402020795,0.108582615590963,0.648619830988233,-0.104589210692555,0.660787024939406,-0.07843496147568,0.742387996814,-0.0561604626015706,0.8140764720814,-0.0625086482227278,0.793473367737488,-0.116239202294331,0.625531837430827
"NANOS3","NANOS3","darkseagreen4",-0.556982556784566,0.0107401618922311,0.700250172230332,0.00058624599743592,0.221122020034541,0.348818616115246,-0.191657646972048,0.418241852654268,0.142379088557444,0.549304179893507,-0.588119345551609,0.00638343450011881,-0.458823332547456,0.0418652040915171,-0.0272317222571355,0.909267200115278,0.523315956833054,0.0178914944409623,-0.235578515017796,0.317374792465959,0.310122400964587,0.183288624161428,0.0985928887806779,0.679210826312917,-0.379300727837509,0.0990719811613067,-0.510719193583285,0.0213864325447921,0.114896502265434,0.629557248092249,-0.348944055376192,0.131578229624912,-0.137303611162239,0.56377198680368,-0.350491034154922,0.129759399725736,-0.0562387526057082,0.813821634722788,0.154228132540485,0.516196048967634,-0.444640264895848,0.0494955231444722,0.26438396689055,0.25998825416386,-0.103847239623864,0.663056845041417
"SAC3D1","SAC3D1","darkseagreen4",-0.554195587245688,0.011225599866059,0.78488829633722,4.16147552691019e-05,0.134999888867225,0.570393647264704,-0.0932695698104879,0.695715273618702,0.224972158676892,0.340273347648608,-0.574678764696958,0.00803990823443373,-0.498336337202856,0.0253305485740124,-0.0149453681396529,0.950135035163423,0.395547025236418,0.0843017218722997,-0.222932010084131,0.344786007833824,0.316788734356394,0.17355859041559,0.408710613439863,0.0735818928025364,-0.456143468783262,0.0432323049417124,-0.324339399608217,0.162970741066415,0.0737067008171374,0.757456817577361,-0.313619007986247,0.17814007331239,-0.120333195711667,0.613321277920767,-0.221718303816338,0.347487100062566,-0.0992030692193339,0.67732779981336,0.114232791086711,0.631550781594527,-0.324342594928777,0.16296635695984,0.347764295357321,0.132977386625863,-0.0449204254641207,0.850838029261676
"ALDH16A1","ALDH16A1","darkseagreen4",-0.522933056690153,0.0179905221196818,0.443764324863753,0.0499994654613784,0.0559305837704223,0.814824841489131,-0.134145461222579,0.572858131564521,-0.0954567322964736,0.688917734212765,-0.307134658281959,0.187766940735567,-0.652540438239722,0.00181720189726495,0.195693567698624,0.408318535382043,-0.167465535433085,0.480366043134547,0.233402991197154,0.321994530722275,0.245976818072036,0.295846531506737,0.12054300821364,0.6126980984966,-0.0165716688797031,0.944716464555512,-0.296190132139308,0.2047991159573,0.292731454674679,0.210388182465266,0.219471685745907,0.352519261331441,0.0971125672977771,0.68378671266967,-0.240156256382983,0.307784428275501,0.33726274802865,0.145897785343881,0.280239719340771,0.231408733784046,-0.217799842016606,0.356291182041422,0.441075701380972,0.0515708233981204,0.278589212362561,0.234284406325666
"JADE2","JADE2","darkseagreen4",-0.51527577047677,0.0200646069097065,0.684377686812785,0.000873697798119207,0.430698849539553,0.057991650678326,-0.355818335273082,0.123632409566598,0.32458310898345,0.162636595305729,-0.477938522651857,0.0330580035633325,-0.175761051189087,0.458562934633181,-0.202381266497249,0.392160883002096,0.457267057104938,0.0426549890733214,-0.25054815288433,0.286672352939415,0.483238880608822,0.030893026910192,0.172534959020833,0.466981209380012,-0.637046446943579,0.00252110784793657,-0.12136066614716,0.610271957555335,0.0311901769229307,0.896142092756735,-0.44833204400219,0.0474142089100086,-0.306653608322858,0.188494817104241,-0.160941449940143,0.497868339279302,-0.118182465556752,0.61972398796313,-0.0881603403002236,0.711680928736968,-0.463137444418395,0.0397348609073848,0.229691174539321,0.329968589810882,0.0419231002092883,0.860694512047476
"BRPF3","BRPF3","darkseagreen4",-0.509434980124072,0.0217712034642701,0.746993816903465,0.000154126306079678,0.390716993366726,0.0885109455810755,-0.290962393274609,0.213285501742064,0.460869788917095,0.040843914004284,-0.480260314649214,0.0320955164157429,-0.0542607230356516,0.820265662771019,-0.28176150457973,0.228777715208526,0.614276110859633,0.00395741087500052,-0.417258554971975,0.0671881901374499,0.360278320083038,0.118663874171901,0.0636622222151874,0.789743118103584,-0.61471707935309,0.00392426125228984,-0.137132630548321,0.564262276418972,-0.107030565543093,0.653338682509234,-0.636486102149666,0.00255030811671153,-0.415732906474685,0.0682975643501929,-0.0740767351979847,0.756274408740372,-0.247076149186726,0.293624081305919,-0.199716245858225,0.398556678297951,-0.434102661577731,0.0558220836816774,0.0884208432073012,0.710864025562635,-0.152302946031398,0.52151017708785
"BRD3","BRD3","darkseagreen4",-0.505068010249077,0.0231209265136682,0.817212606329958,1.09107038333446e-05,0.0850736723655691,0.721383130783961,-0.0601279734280298,0.801185208935572,0.0629131553241058,0.792164839029875,-0.446688407171379,0.0483323785561852,-0.47338475655849,0.0350111266696758,0.163320106914887,0.491451395511033,0.666673210101385,0.00132667401706353,-0.0655924590171505,0.783511290909654,0.0517109197955677,0.82858874969431,0.140409034754389,0.554899961779372,-0.138602729003635,0.560052888009984,-0.630596985793628,0.00287463114396041,0.189364922313529,0.42393632141492,-0.550879768719492,0.0118261522099123,-0.316310237488967,0.174244995950022,-0.461880515985824,0.0403466725757806,-0.0390176577416489,0.870267825557108,0.222282097716256,0.346230856118601,-0.522544554007197,0.0180914460445637,0.541780770182273,0.0136087236565923,-0.212669570404326,0.368010031040426
"VPS37D","VPS37D","darkseagreen4",-0.484037891213334,0.0305765391211844,0.64208340252699,0.0022709183953282,0.0451802579714737,0.849984570547957,0.0230051860650456,0.923306136617712,0.326085298489441,0.160587389693368,-0.807075066078903,1.70469676453512e-05,-0.372481053486982,0.105803107618248,0.0957524851078826,0.688000302126067,0.506926276103531,0.0225387034794248,-0.293780847140527,0.208681870992263,0.537767063399141,0.0144609402381165,0.308967238500319,0.185011435363485,-0.734422078692179,0.000226684307153348,-0.319250747900548,0.170056004098767,-0.377988669660157,0.100342088182477,-0.454074430189349,0.0443111567087862,-0.406957311385267,0.0749476253599754,-0.0552922321046421,0.81690380026904,0.143193166998194,0.546999307660948,-0.251156477009149,0.285464899484122,-0.459299448775926,0.0416258542661839,0.0340678075022602,0.886616779526118,-0.0670286400151298,0.77888273607357
"FAM131B","FAM131B","darkseagreen4",-0.483546927144893,0.0307707071839565,0.799390082001228,2.35095709964063e-05,0.08927613258796,0.708184086935034,-0.0184238734911263,0.938548077798272,0.459527766821306,0.0415114516823222,-0.421081625702602,0.0644677609184904,-0.193482160376369,0.413739864352348,-0.131875608696423,0.579427538890797,0.641482562188319,0.00229962645850209,-0.43533504848253,0.0550519851705353,-0.0496507447829649,0.835326500418622,0.0728924257475003,0.760060578233192,-0.184140745372032,0.437065091980851,-0.376008073559698,0.102281750246959,-0.153151973792247,0.519163423733035,-0.523495160754316,0.0178452977179617,-0.283452489199194,0.22587707862903,-0.0450782474783081,0.850319620161559,-0.222166828302489,0.346487483877579,-0.0679860565222861,0.775801120004973,-0.24254163015835,0.302857329020125,0.0677063914120018,0.776700940832529,-0.371418397897381,0.106881064517972
"ALK","ALK","darkseagreen4",-0.476000589160716,0.0338785041551941,0.655143887416026,0.00171690791504718,0.0533359518051046,0.823282218387327,0.00739895798961402,0.97530240292841,0.401905944046616,0.0789880746271643,-0.49138671527481,0.0277833679483475,-0.181077265802991,0.444862123966054,-0.260347809124227,0.267604234107732,0.556576916505994,0.0108097384911679,-0.549106282157415,0.0121578739779787,0.0614441164026427,0.796919523687907,-0.113504646465618,0.63374066836572,-0.360911870535903,0.117969860854385,-0.34168302549969,0.140356647604762,-0.144942501482819,0.542061334311611,-0.479208625920485,0.0325287347508833,-0.307474637663994,0.187253662599379,-0.0164683910892614,0.94506050234756,-0.407733565854481,0.0743406504296164,-0.165453139970575,0.485731803836447,-0.216047445704092,0.360269679673511,-0.0881495439064239,0.711714791356763,-0.383374543443324,0.0952031033798719
"BICD2","BICD2","darkseagreen4",-0.466548654743766,0.0381106349681272,0.81351358721607,1.28795259693193e-05,-0.0580984404088836,0.807773618216743,0.126210928314308,0.595961353645592,0.499768511655692,0.024847023340807,-0.679204990847586,0.000989922618225219,-0.214035744389821,0.364868145460192,-0.0657843349776737,0.782892499991405,0.466890955609989,0.0379505404165912,-0.461013227189986,0.0407730603312424,0.312411628509521,0.179906624963012,0.214235883614117,0.364409161104543,-0.609025083019823,0.00437030063904638,-0.187674678898612,0.428160781046677,-0.365778423495019,0.11273558174381,-0.524423361571579,0.0176075421007069,-0.491841809756259,0.0276172377955741,0.120775447996891,0.612008010866214,-0.133953153746286,0.573413453093508,-0.372114997302146,0.106173541591033,-0.311634047707923,0.181050599866866,0.0485820395690769,0.8388260601764,-0.302420427818009,0.194982060547548
"SDK2","SDK2","darkseagreen4",-0.452304271003011,0.0452505256905408,0.71572642247164,0.000387586868733395,-0.0638620968162787,0.789097239409975,0.131350461070615,0.580952008534898,0.49087383347679,0.0279715346552861,-0.376210696205411,0.102082073812308,-0.227206365968609,0.335371336221923,-0.276788568789306,0.237447927684861,0.575819837039465,0.00788689420999478,-0.630986184212761,0.00285218821018809,-0.191744962821311,0.418025802311503,0.211542868985769,0.370612724751748,-0.0708151505159345,0.766714167150916,-0.333655079099907,0.150532216676647,-0.0876004295620366,0.713437758924505,-0.482717103098675,0.0311010842864583,-0.117165373355582,0.622761104710946,0.0634140390858567,0.790545285648005,-0.511427107004894,0.0211766528399924,-0.0259264365860036,0.913600286050412,0.0442906091629487,0.852907416073571,-0.0415180341462736,0.862028096725818,-0.581335867192723,0.00718037967577218
"RABGAP1L-DT","RABGAP1L-DT","darkseagreen4",-0.449199487026987,0.0469350671316447,0.528736971292809,0.0165356539148391,0.0877531508155465,0.71295842773316,-0.124463195309286,0.601101893166302,0.109543595327736,0.645704504767934,-0.511416712095144,0.0211797213381783,-0.715118537817896,0.000394132404684504,0.213411880827901,0.366300983442252,0.0926961597853856,0.697501117523555,0.0713734132037283,0.764924465031392,0.196259206030564,0.406938095182683,0.259855081669609,0.268543472442195,-0.102712769515837,0.666532855581898,-0.452348290372527,0.0452269816965507,0.0482936656787464,0.839770865323125,0.037735068219773,0.874499518483472,0.0305432956253317,0.898285280534591,-0.207012737661562,0.381182267334899,0.364356305021028,0.114247533622121,0.260500699510286,0.267313213991868,-0.212477559677557,0.368452841344573,0.354803277930303,0.124783614910462,0.213945636906319,0.365074898911238
"HMGA1","HMGA1","darkseagreen4",-0.445876848558297,0.0487907299647435,0.699410591001604,0.000599122377756738,0.0139336653489325,0.953506943131489,0.0404880137577943,0.865420807898591,0.451350453841718,0.0457630000890077,-0.798194582972868,2.46848156217496e-05,-0.38011222187558,0.0982923220187585,0.133680237321873,0.574201947186275,0.435174923428028,0.0551515850025367,-0.269610260625353,0.250332360598052,0.485436738598098,0.0300285816617474,0.444930357520032,0.049329488613996,-0.615306025897445,0.00388034641517572,-0.298823628048685,0.200610264746561,-0.48816336335756,0.0289826682515358,-0.33035201372443,0.154864367993127,-0.401603302163997,0.0792351829695078,0.0603202439807752,0.800561709444652,0.294946071808989,0.206797979872878,-0.296157871721059,0.204850786904258,-0.366255811851131,0.112231281896195,0.0353435960819992,0.882398469942218,-0.0310295712410771,0.896674132703928
"SIPA1L2","SIPA1L2","darkseagreen4",-0.436590022788459,0.0542761094795471,0.66213962728614,0.00147011740142567,0.0144060992179465,0.951932268512392,0.0584789668647098,0.806537363739199,0.589577864297879,0.00622194663323335,-0.599756394825197,0.00518585901449602,-0.0549159756468574,0.818129730235389,-0.0610351806383119,0.798244317326275,0.39980744447891,0.0807133337919028,-0.392306753341025,0.087108801574915,0.339867450177786,0.142614412193656,0.197370083213691,0.404234418033163,-0.595301434932178,0.00562028837825156,-0.11383388884562,0.632750111092666,-0.612490217415564,0.00409404537269601,-0.388035067220779,0.0909139094545188,-0.523508207067605,0.0178419382553538,0.277509621315534,0.236177830072383,0.128117509369056,0.590374595507301,-0.524146240153446,0.0176782589551977,-0.31491062542571,0.176263367325325,-0.206943427195882,0.381345280600834,-0.113481440078068,0.633810509667684
"NLE1","NLE1","darkseagreen4",-0.420295972184577,0.0650199223789536,0.667482076569211,0.00130236215853616,0.0735659026941042,0.757906860690162,0.0193783345100975,0.935370735313407,0.626673392687137,0.00310920955785055,-0.378933477125915,0.0994263022292884,-0.0538495533229594,0.821606579548186,-0.284698440644814,0.223755246015727,0.615163025693167,0.00389097163050163,-0.589290337792439,0.00625351331044502,-0.126348443651459,0.595557663502447,0.168321391998789,0.478093010425981,-0.224773344367928,0.340711582581524,-0.256932133210533,0.274157679742445,-0.281176305528814,0.229787154698664,-0.619431929894386,0.00358397135718302,-0.324250806759632,0.163092326324451,0.17709819997243,0.455096681108615,-0.347693292296557,0.133061928199177,-0.242938058375785,0.302043159715535,-0.0979713076780097,0.681130918210628,-0.152517642209048,0.520916275807778,-0.425078722075939,0.0617131366003476
"THOC6","THOC6","darkseagreen4",-0.396390383319015,0.0835822050992222,0.68541522346979,0.000851831779892531,0.0672845164469417,0.778058838926776,-0.00284081130962663,0.990516239460006,0.517024034550742,0.0195750724151564,-0.257280853067541,0.27348406238108,-0.00491739996646263,0.98358446400122,-0.251801277489462,0.284188479612654,0.339718590331633,0.142800649931798,-0.44865350314047,0.0472362114805005,-0.0713795939844989,0.764904656824499,-0.0292027111976593,0.902728925031548,-0.178428504143342,0.451661598914818,-0.133983504006531,0.573325795901429,-0.178996467154497,0.450199110704564,-0.401597492969842,0.0792399318090563,-0.294573164491035,0.207399650763697,0.173292253375206,0.464998096820477,-0.258444561525964,0.271243630704599,-0.203959593431703,0.388400042259816,-0.140778468768969,0.553848677068738,-0.0387645447692803,0.871102664924405,-0.310989882799201,0.182002021802765
"ANKRD36BP2","ANKRD36BP2","darkseagreen4",-0.379180742965516,0.0991876403974335,0.626243980015247,0.00313582149718524,-0.0197629158541753,0.934090750720151,0.108486786217033,0.648910819650323,0.246112751581008,0.2955711671803,-0.744501868432218,0.000166661263988447,-0.239026831656947,0.310134110399919,0.170079159453764,0.473441538130316,0.651745659838452,0.00184877979693387,-0.294890375676154,0.206887769722039,0.482398150574014,0.0312288052815972,0.241536151762525,0.304928315100305,-0.686294695159272,0.000833660832803335,-0.296297549946846,0.204627129148189,-0.340776792219189,0.141480436136798,-0.624678817714548,0.00323442723527029,-0.470304731260207,0.0363823282797349,-0.125998551076528,0.596585032267293,0.0819853026095406,0.731131863611919,-0.2323403717317,0.324265505830087,-0.487151822594382,0.0293672941605809,0.122481810382415,0.606951671717062,-0.287042547138206,0.219798674968226
"ZNF418","ZNF418","darkseagreen4",0.30076550394252,0.197558359698422,-0.373237778769161,0.105040302134255,0.0823609922881569,0.729943807733831,-0.045408849028988,0.849233861826691,-0.135259777725779,0.569644949010788,0.13435635711074,0.572249401037098,0.18493729026472,0.435049613566547,-0.0128750505146006,0.957036018001751,-0.0683381274118504,0.774668725109298,0.0290290252100633,0.903304849769662,0.0624034051804737,0.793813902784281,-0.155986093630185,0.511366044950004,-0.0405190279319288,0.865318619104349,0.199973461283818,0.397936896372225,-0.00425418025663941,0.985798230291266,-0.0159814547496795,0.94668270429303,0.135140190125707,0.569989408543007,-0.0210041653636219,0.929960633972632,-0.0585055111996096,0.806451142939896,0.0471330970232518,0.84357538098415,0.0532954057924612,0.82341453231297,-0.142349617338854,0.549387702754713,0.0461636832060879,0.846755825263552
"DNAJC9","DNAJC9","darkseagreen4",-0.297685034879553,0.202414247702911,0.717982107274186,0.000364100524766529,0.256613818688443,0.274773466858202,-0.15020775638761,0.527322633246134,0.262848191367418,0.26286983519773,-0.5845696569332,0.00679087433612147,-0.155260237081103,0.5133577206627,-0.0160018884559573,0.946614626407093,0.659236122504376,0.00156865724719222,-0.304752572583829,0.191389864273946,0.423291905255209,0.0629333163945168,0.200390650949755,0.396932772622752,-0.624978307431466,0.00321536260930986,-0.358531892288039,0.120592101438516,-0.147574992799496,0.534668950603401,-0.61524363793744,0.00388497901227483,-0.365588483398625,0.112936682132168,-0.251478151207316,0.2848276848941,-0.055497852403135,0.816234014872738,-0.0201180387021973,0.932908949703968,-0.573301240294912,0.00822785105517963,0.241423177487215,0.305161543702955,-0.15227741854302,0.521580813433222
"ZBTB45","ZBTB45","darkseagreen4",-0.283461842661951,0.225861101150272,0.665424996325497,0.00136493957396603,-0.0103982785653397,0.96529566114169,0.0751919632220701,0.752713969165418,0.524684641799508,0.0175410750710633,-0.434901439276302,0.0553220127086797,-0.180046755401887,0.447501121190889,-0.116448569108397,0.624905071111342,0.577867430182889,0.00761828669935794,-0.496166294783161,0.0260773195783025,-0.151656798930493,0.523299493995803,-0.0899559191741545,0.70605641483751,-0.128954604110148,0.58792868314763,-0.291380836748593,0.21259782408007,-0.228520849844181,0.332506789731889,-0.626139659044978,0.00314231507103105,-0.349688531892602,0.130700686868941,0.0882548315539734,0.711384581463171,-0.285017425785585,0.223214121159636,-0.167883621648546,0.479254994083861,-0.146941302407261,0.536444179719223,0.0434424171474399,0.855695780103247,-0.490048910012787,0.0282762854124423
"RAD51","RAD51","darkseagreen4",-0.271142559167873,0.247545332776962,0.302146633518509,0.195406727172935,0.133980002573551,0.573335908394282,-0.0621800404280416,0.794536763364712,0.477478580842783,0.0332513180003187,-0.066291975364047,0.781255989851919,0.407989195845194,0.0741415713414782,-0.474862195656472,0.0343678455740538,0.0530619752731652,0.824176375967194,-0.44938689975414,0.0468320379559596,0.182009940309913,0.442480682490549,-0.238992043969799,0.31020665484698,-0.433416981598012,0.056254086010305,0.411737256891848,0.071268142738998,-0.314019245386428,0.177557086486543,-0.296515876706125,0.204277861646406,-0.398465235300571,0.0818313718123096,0.404112919450871,0.0772033451306905,-0.396164313123255,0.0837746312906341,-0.598078556433327,0.00534610407746497,-0.0229981439734417,0.923329547108629,-0.402526432686718,0.0784832336353154,-0.144711416441512,0.542712467983808
"MTND1P8","MTND1P8","darkseagreen4",0.236532281215439,0.315362051748781,-0.315066940974227,0.17603715952787,0.0717851133689501,0.763605353260634,-0.141022073631581,0.553155947699495,-0.355602466842334,0.123876595743277,0.123908692950175,0.60273664321784,-0.0889649511441171,0.709158753489749,0.236295547538461,0.315860916359952,-0.306987421808149,0.18798952258441,0.433214721662368,0.0563820009240203,0.188185971172979,0.426880542716881,-0.125664588958994,0.597566312489978,0.11779835080475,0.620870291347215,-0.00287169692651632,0.990413135469858,0.125890848593509,0.596901421010506,0.383925455639857,0.094688515854076,0.138076046652951,0.561559357283091,-0.190322614159593,0.421552668956436,0.397615756315315,0.0825448764514162,0.165424532202947,0.485808295263605,-0.170828631993016,0.471465197122773,0.157037719576868,0.508487048454589,0.413354219351132,0.0700545811942048
"ORMDL3","ORMDL3","darkseagreen4",-0.184411285708377,0.436380000009141,0.223643564062201,0.343208158470688,0.0875800697538066,0.713501668069208,-0.0465098844628502,0.845619746757783,0.382143886614998,0.0963600002192683,-0.129321353507315,0.586858426714357,0.0286882843327884,0.904434846056031,-0.249977191568396,0.287808507479518,0.3226623977327,0.16528287709465,-0.375475629725477,0.102807804839916,-0.140985928642424,0.553258707227882,0.0494778295833067,0.835892524660416,-1.81888110035836e-05,0.999939277191834,-0.109527072442161,0.645754588428099,-0.371090130317147,0.107215659887725,-0.0662100178406692,0.781520141407917,0.0506746044958094,0.831976582388415,0.166888575813089,0.481901396278154,-0.136250809815342,0.566793884635907,-0.0736352537243841,0.757685179650258,0.198877856892765,0.400580529373793,-0.415135205783782,0.0687359100432659,-0.138002383414892,0.561770198845187
"KLHL38","KLHL38","darkseagreen4",-0.174140521993873,0.462781844110122,0.508451535328814,0.0220695600943851,0.12965154238066,0.585895568287785,-0.0461402652804242,0.846832683014814,0.088442602496957,0.710795804983071,-0.493750080469017,0.0269291280767694,-0.10359190255852,0.663838621590259,0.0544647608069033,0.819600427750273,0.562318631413972,0.00985823639107942,-0.21685296075482,0.358437750678982,0.41946208556513,0.0656098711654771,0.355340827293811,0.124173017903598,-0.552604020245024,0.011510698531372,-0.41329772489108,0.0700967185248536,-0.211373562080429,0.371004725966313,-0.308609108786086,0.185547765363908,-0.186946434849462,0.429987770266452,-0.274427739836108,0.241637204339416,0.0555490069524973,0.816067403618501,0.0614775289465446,0.796811303549792,-0.458191931514711,0.0421842561795587,0.108344682317039,0.649342412411304,-0.0764569084995124,0.748681361853135
"ENSG00000246090","ENSG00000246090","darkseagreen4",0.163522175723683,0.490908148300867,-0.171537165194134,0.469600642704291,0.0679285100233658,0.775986253088768,-0.119631504715589,0.615407275576636,-0.358470615265298,0.120660161453271,0.00110532256495564,0.9963099252914,-0.311255864206475,0.181608761510069,0.375139486065346,0.103140925188015,0.141838272000551,0.550837790494887,0.3421131890266,0.13982541757751,-0.0757419979744914,0.750959710434097,0.225553636503809,0.338993525056588,0.424623770544439,0.0620221024638748,-0.462224404625851,0.0401785645137548,0.216683256810657,0.358823251155024,0.240189617309796,0.307715187534307,0.345586038542565,0.135588310361865,-0.452367877947827,0.0452165082090817,0.48264350416468,0.0311305197803259,0.560029889435578,0.0102290060708934,-0.081203659607522,0.73360556572303,0.26940274708709,0.250711330085717,0.1209422026755,0.611513128646771
"LINC01703","LINC01703","darkseagreen4",-0.152510619273063,0.520935697901415,0.100033326882693,0.674768570066109,0.0436190500574991,0.855114976550423,-0.0870450705610155,0.715181680185659,-0.209029225576787,0.376456765474591,-0.128386076176353,0.589589402145619,-0.377631731298057,0.100689655619366,0.30786310483999,0.186668340334611,0.112150419573966,0.637821285697692,0.273068372038157,0.244070816292466,0.0539508314919953,0.821276244328475,0.269647013811574,0.250265278582618,0.222297489342512,0.3461965976522,-0.544338396502464,0.0130871257628313,0.0257556768297096,0.914167324154824,0.295472210473809,0.205951046797928,0.243158847454485,0.30159028900899,-0.336101923159304,0.147377959314726,0.534444888952859,0.0151983526771772,0.40347941760001,0.0777125425440078,-0.192378026509084,0.416461176046505,0.121889756625412,0.608704129557708,0.258300628513171,0.271520113507881
"DUSP5P1","DUSP5P1","darkseagreen4",0.152168010877372,0.521883603035582,-0.220210782161403,0.350859143157317,0.0992180303178432,0.677281652709208,-0.0919055430130275,0.69996594770081,-0.0731056613154698,0.759378485678047,0.385216838886356,0.0934902628168255,0.501879945214104,0.0241475068617111,-0.160457328454015,0.499179331794551,-0.305163276895238,0.190761896056986,0.149251068654071,0.529986668345875,-0.0426645272514897,0.858254480579637,-0.484268660530335,0.0304856062039759,-0.124141283200764,0.602050712105748,0.466003241778934,0.0383668078732263,0.225893472566045,0.33824686034163,-0.108786073571914,0.648002187515991,-0.335714814018867,0.147873887081788,0.138265348069117,0.561017692443705,-0.229826382280368,0.329676092011204,-0.337379683981882,0.145749258138007,-0.129060111986744,0.587620703168026,0.0835531926182136,0.726177605372412,0.104315086768775,0.661625287489054
"ENSG00000270083","ENSG00000270083","darkseagreen4",-0.148819594208655,0.531190212072708,0.343713123221472,0.137861985019449,0.107371680146955,0.652300463334515,-0.0798384036900644,0.737932310790314,-0.0493924046898172,0.836172184981426,-0.206483168582254,0.382428767393667,-0.0135080890737469,0.95492557836568,0.129549469610061,0.586193149496532,0.236055143737325,0.316367999142097,0.0841059535173586,0.724433459118253,0.284816568578087,0.223554754532991,0.137890761455095,0.562089753846039,-0.366292873570346,0.112192199001178,-0.0668173488241735,0.779563244353403,-0.0602963781782276,0.800639095728402,-0.273890828469209,0.242596539898531,-0.28630306828221,0.221041839361467,-0.208487959743922,0.377721929305493,0.150374725466972,0.526858324517621,-0.0232866668581708,0.922370441309304,-0.399686333361322,0.0808137498114942,0.247258234265291,0.293256961669745,0.0814026635501281,0.73297552769325
"ISLR","ISLR","darkseagreen4",-0.13007281088102,0.5846680877227,0.299924711389549,0.198875938224385,0.101979524820244,0.668783005404722,-0.0924163610095495,0.698373087391056,-0.116279962109629,0.62540979830518,-0.255291455876871,0.277340839481006,-0.222809164693766,0.345058841002749,0.217684350400646,0.356552602895427,0.522032984944811,0.0182250293575795,0.0639791097443516,0.788719182981945,0.121755030601288,0.609103201077025,0.339900145944843,0.14257352951987,0.00473883937767674,0.98418047208058,-0.587731236537666,0.00642698066417613,-0.123151717180686,0.60497125989478,-0.0476172611551158,0.841987808914039,0.0409939791635816,0.863753957351396,-0.436192888726467,0.0545207271671634,0.32340055929238,0.164262388180356,0.327406020689595,0.15880051500842,-0.289895729989482,0.215045104483178,0.0851513011264835,0.721138613321263,0.036388831434477,0.878944734403398
"REPIN1-AS1","REPIN1-AS1","darkseagreen4",-0.128501307611083,0.58925264156207,0.262525293087214,0.263478242727115,0.104142920772675,0.662151964161898,-0.0381770182645996,0.87304100084456,0.00176862203502915,0.994095556834339,-0.265141215559423,0.258574809124992,0.135237469413722,0.569709198875311,-0.0856464725525504,0.719579521013099,0.455842344549294,0.0433880462820978,-0.195966636792516,0.407651792439082,0.365088012367875,0.113467795510489,-0.120736084275433,0.612124855231486,-0.469577841300971,0.036711944459714,-0.236913134532633,0.314560479468334,-0.0556679225924354,0.815680122690784,-0.407701728188721,0.0743654728165512,-0.40666625558247,0.075176159955772,-0.204471052660499,0.38718565752767,-0.199151685736427,0.399918893498929,-0.200705785629344,0.396175209575531,-0.491302658519618,0.0278141383454172,0.0207058600966599,0.930953057377185,-0.169356159686633,0.475352008840559
"TSSC2","TSSC2","darkseagreen4",-0.118079300156232,0.620031778893654,0.218754349251685,0.354134838219621,0.0931054164130124,0.696226360404547,-0.0724359197773777,0.761521410849339,0.197617849034566,0.403632742921541,0.0415114080955623,0.862049914436166,0.101433909021944,0.670459135008027,-0.0996022433783919,0.676096937525536,0.147183810807639,0.53576449331903,-0.0540830055260557,0.820845180791245,-0.202117816826501,0.392790590188833,-0.0771424280465512,0.746498560699543,-0.128971708295263,0.587878750995922,0.155173350568482,0.513596375381865,0.0524525478695587,0.826166067060814,-0.399344148258675,0.0810979639472367,-0.272268829647693,0.245509516760218,0.095879282071367,0.687607103397483,-0.206233344714014,0.383017594625038,-0.164554951077494,0.488136219289492,-0.123061978722336,0.605236395571715,0.162643696198651,0.493272019966373,-0.0609105565681246,0.798648156843827
"YTHDF3-DT","YTHDF3-DT","darkseagreen4",-0.113691070966778,0.63317971857729,0.139695611807649,0.556932641691428,0.0828312335482818,0.728457582856046,-0.103344974319118,0.664594970655697,-0.166720356612825,0.482349504823186,-0.129821881793834,0.585399106395353,-0.30073246401974,0.197610025048062,0.271075297326053,0.247667254050719,-0.235214467296733,0.318145069676067,0.361517387378291,0.117309279280069,0.394497646937538,0.0852033848362749,0.2348710903789,0.318872634719489,-0.149430916459851,0.529485379677421,-0.0935885761174663,0.694722418183592,-0.0424360783934127,0.859006173385077,0.234787619696171,0.319049647028747,0.0413397555647466,0.862615151133349,-0.156239846416162,0.510670644402292,0.511602001216546,0.0211250783766798,0.164184035597469,0.489130853311567,-0.272547401014247,0.245007638678321,0.233557384044578,0.321665361504501,0.501761916166959,0.0241861939011654
"PDK4","PDK4","darkseagreen4",-0.108082544416176,0.650138850262246,-0.0791443858192154,0.740134701483774,0.222521285145482,0.345698698996074,-0.281805991136764,0.228701096249761,-0.597729421928735,0.00537995607076102,-0.0341534927907076,0.886333373614336,-0.389360529529308,0.0897204010844632,0.385853982688172,0.092903177635448,0.14182517101405,0.550874965242317,0.499188755591754,0.0250418716032699,0.284201026184031,0.224600766335299,0.211393925721458,0.370957564999206,0.197402771088181,0.404155010653588,-0.476084425351037,0.0338426830946949,0.438970404451865,0.0528273780954339,0.22561989533212,0.338847869881459,0.376032580670368,0.102257584402116,-0.715393474472919,0.000391160403610211,0.536491981448952,0.0147404830279633,0.694768187966903,0.000674734685258924,-0.308677365409724,0.185445464291775,0.405957903843756,0.0757345223579722,0.275171501482299,0.240312310968717
"ZCCHC9","ZCCHC9","darkseagreen4",0.0998564570717847,0.675313475911807,-0.228401569405372,0.332766130308398,0.245450149988277,0.296914898853961,-0.319936194229515,0.16908953020902,-0.481293324682289,0.031674399381717,0.248239500163145,0.291283382758644,-0.311896271140617,0.180664267570851,0.333143146775262,0.151198054631286,0.0323158421901001,0.892414301009221,0.576221184881217,0.00783364384557989,-0.192547735571926,0.416042274971105,0.124995003786006,0.599535769324928,0.527449881042619,0.0168498544725421,-0.440524884575205,0.0518973516518376,0.432322116956086,0.0569491517418471,0.302686641386969,0.194569745286486,0.436209622411148,0.0545104030156247,-0.57366475386424,0.00817791022886568,0.481675228828093,0.0315198120493239,0.728907267485058,0.000266724669971801,-0.105959092462762,0.656603810358225,0.371575461457614,0.106721240909433,0.408002547101691,0.0741311846170009
"ID1","ID1","darkseagreen4",-0.0910499944011139,0.702636466663355,-0.0118048989555314,0.960604334743101,0.0642799269483084,0.787747483207953,-0.12660229614734,0.594812753503563,-0.0999750830182768,0.674947992326767,0.214165178388446,0.364571273508385,-0.201006313590859,0.395453503862172,0.0966840597457722,0.685113282596971,-0.0942837880780638,0.692560342719656,0.286133468643252,0.221327607154302,-0.327372980152804,0.158845048915286,0.232704540434516,0.32348615268788,0.432968934070448,0.0565377413779436,-0.229141862960517,0.33115850547914,0.163404372035748,0.491224819051205,0.239336899529722,0.309487963087685,0.253734399443481,0.280382942588891,-0.148166950726215,0.533013082375613,0.243483363031673,0.30092541019403,0.325857520556394,0.160896959805385,0.101475339842825,0.670331806963967,0.0813894809803401,0.733017258069817,0.292974686650449,0.209991868970935
"GPRC5C","GPRC5C","darkseagreen4",-0.090140219965695,0.705479930469066,-0.144103696275587,0.544426553026942,0.130951711369321,0.582110697599359,-0.214304849789194,0.364251075650629,-0.517186044011738,0.0195301943059181,0.0756077635958067,0.751387724015733,-0.397408689054937,0.0827194947872661,0.393643663292957,0.085942397114023,0.0586283193985117,0.806052267699397,0.558284014826343,0.0105193803428552,0.0704123000034544,0.768006349796444,0.334487557466399,0.149453829271944,0.354234708738577,0.12543177084833,-0.375543168780232,0.102740967637069,0.355704811849666,0.123760782240677,0.349168930773718,0.131312722008059,0.426934796458097,0.0604646830846058,-0.579817160264222,0.00736951551734244,0.536472487169216,0.0147447903381877,0.624917206038252,0.00321924454221929,-0.0809858554523547,0.734295312390234,0.319142477756621,0.170209009279703,0.35075092938226,0.129455591296991
"FCGBP","FCGBP","darkseagreen4",0.088556146852137,0.710439850619585,-0.299887825841988,0.198933874368726,0.0706484112731587,0.76724892796837,-0.163665222053974,0.490523757037205,-0.496954603279654,0.0258040587629464,0.131014466385285,0.581928278337617,-0.323223369887107,0.164506951426185,0.401615085221084,0.0792255513277936,-0.196122706333605,0.407270989548565,0.542641162990761,0.0134314194050378,0.0208974852485965,0.930315533688179,-0.00127099113379566,0.995756851924768,0.446998213180968,0.0481582801404033,-0.316955693831688,0.173319521401397,0.329214397115911,0.156376232807948,0.422515404818942,0.0634692120382732,0.395996250377618,0.08391789488096,-0.410317008307495,0.0723469861798638,0.605653368809053,0.00465372439139288,0.534320017211155,0.0152266480506319,-0.119843328254247,0.614777263016766,0.275649423303925,0.239463441951787,0.33264727883613,0.151844950160328
"CSRP1-AS1","CSRP1-AS1","darkseagreen4",0.0589499637946022,0.80500780061298,0.0402279619673399,0.86627773491757,0.0843058544720751,0.72380302566065,-0.106299621152174,0.655565455116011,-0.0895572540078135,0.707303948198649,0.268189813679104,0.252933753722167,0.256724194050434,0.274559845416433,-0.00915649029441366,0.969438160888076,-0.00483229978389694,0.98386851443786,0.159485367119246,0.501816435690987,-0.286830653112203,0.220154428021813,-0.642921720040414,0.00223136433589065,0.179676914896678,0.448450211180472,0.0262241468862934,0.912611782388234,0.119078077682,0.617054518872755,-0.0835976932693367,0.726037142714717,-0.250679464760322,0.286411447706306,-0.104801337082566,0.660138615673891,-0.0636625631134739,0.789742016405672,-0.0534332777513246,0.822964633076233,-0.155535305651119,0.512602526749141,0.108067178746355,0.650185546198633,0.0330265686786803,0.890061748311668
"MYL3","MYL3","darkseagreen4",-0.0353810474055316,0.882274685139638,-0.0554776242558295,0.816299900394141,-0.0640962760186573,0.788340676665658,-0.0230045580251443,0.923308224449832,-0.42251899999957,0.0634667229466549,-0.0319413675825204,0.893654186635535,-0.498238979248645,0.0253636860086013,0.461583221786916,0.0404924415605473,0.0927626173631412,0.697294061543252,0.480693192552915,0.0319185194577949,-0.0325280261928384,0.891711866139904,0.393777606554916,0.0858261749565082,0.407185875569353,0.0747685221497888,-0.51882763317869,0.0190800691759108,0.170212460580691,0.473089722168554,0.242545153779023,0.302850086474011,0.262657052726923,0.26322987304453,-0.48299587680985,0.0309897879013621,0.545390130310234,0.0128773739510065,0.528445197940456,0.0166064658114233,-0.0901664170364247,0.705397999773367,0.303051176191457,0.194006097332339,0.252453956350609,0.282900064520756
"CCDC174","CCDC174","darkseagreen4",0.0242166508504984,0.919279703381705,0.177560585034408,0.45390119911763,0.0195264364867503,0.934877795998103,-0.0338526161796481,0.887328587758045,-0.386779757134546,0.0920549611764282,-0.0193931427008599,0.935321447039885,-0.24892813886037,0.289903237138146,0.357322253538684,0.121940723263838,0.482056864940052,0.0313659239002083,0.282460371314471,0.227575989168422,-0.241458484594171,0.305088642688759,-0.334661819322063,0.149228774885132,0.281668289137698,0.228938313800475,-0.614307516000009,0.00395504236354896,0.42129718767683,0.0643168824789209,-0.338996053778058,0.143707033782578,-0.155551846197462,0.5125571319646,-0.661400701445178,0.00149468791046544,0.0211504265691557,0.929474077957118,0.435795080538378,0.0547666009583368,-0.413629943172526,0.0698492003398479,0.576800828126188,0.00775725635142713,-0.160536667267985,0.49896436893076
"LDHAL6A","LDHAL6A","darkseagreen4",0.00948118753465816,0.968354921668206,0.0122494551390944,0.959121913862185,0.109728181284133,0.645145093368607,-0.0339889362217018,0.88687765967629,0.326714267185432,0.159734702109285,-0.0291355280274027,0.902951691930508,0.293200069258442,0.209625079540942,-0.345607586988327,0.135562305992031,-0.149943312771967,0.528058389860479,-0.324597603646768,0.162616736805832,0.143851755789529,0.545137875546595,0.0844766532334158,0.723264508241233,-0.485030372611311,0.0301869633431157,0.453567208108574,0.0445787739813809,-0.244286291083225,0.299284181378577,-0.0869130015169753,0.715596599745935,-0.0788079388388643,0.741203081871929,0.406104856261694,0.0756184330011062,-0.277601885530468,0.236015628738972,-0.323706281607182,0.163841007582689,0.0911492301278945,0.702326538451266,-0.278814489431349,0.233890550367519,0.0556042691366597,0.815887422264707
"RRP8","RRP8","darkseagreen4",0.00456860225638116,0.984748705210143,0.138716317462057,0.559728225865131,0.080237532319244,0.736666607843483,-0.120721083156869,0.612169385817572,-0.357519092024693,0.121720538514556,0.248240501442123,0.291281373105491,-0.146126030466766,0.538732071852385,0.306022197702172,0.18945308605609,0.257940125534596,0.272213382070688,0.45228106021159,0.0452629439032028,-0.356184530497402,0.123218961794671,-0.240834885963054,0.306377783188946,0.423479082929653,0.0628046496227422,-0.398808866764696,0.081544046363641,0.419321151015851,0.0657099746791112,-0.203427694007528,0.389665204496955,-0.0959350068425737,0.687434324700273,-0.528490772324687,0.0165953891571494,0.114796372662728,0.629857841467077,0.41334009113873,0.0700651171755678,-0.327553369278298,0.158602015320551,0.558165372932451,0.0105393530894604,0.0747670689996477,0.754069909641633
"SDF4","SDF4","darkseagreen4",0.0045288892163292,0.984881264076713,0.0392880442158991,0.869376159172486,-0.0037531929398712,0.987470546902076,-0.0306214344901509,0.898026361717754,-0.226671789784686,0.336540434115456,-0.222395923706851,0.345977550477135,-0.59819263112048,0.0053350815245648,0.342485722182421,0.139366501332652,0.176584683637156,0.456426257722528,0.161348592648018,0.496767101823987,0.0153680539697527,0.948726502463274,0.452485306256785,0.0451537583602508,0.344897361273281,0.136421251083861,-0.575899481913681,0.00787630356682622,0.0951403220150864,0.689899709384607,0.24714879156,0.293477586115076,0.501253279798361,0.0243534738694287,-0.39953210154459,0.0809417610226155,0.426689158905048,0.0606287999333567,0.66631801358074,0.00133747001335492,0.0234175273444376,0.921935469702921,0.215834284728282,0.360755354306148,0.0722298487408301,0.762181099133321
